{"v":"5.6.5","fr":30,"ip":0,"op":22,"w":72,"h":93,"nm":"_Main_ball","ddd":0,"assets":[],"layers":[{"ddd":0,"ind":1,"ty":4,"nm":"Scroll_10/Scroll Outlines","sr":1,"ks":{"o":{"a":0,"k":100,"ix":11},"r":{"a":0,"k":0,"ix":10},"p":{"a":0,"k":[36,29.75,0],"ix":2},"a":{"a":0,"k":[10,12,0],"ix":1},"s":{"a":0,"k":[100,100,100],"ix":6}},"ao":0,"shapes":[{"ty":"gr","it":[{"ind":0,"ty":"sh","ix":1,"ks":{"a":0,"k":{"i":[[0,0],[0.989,-0.382],[0.764,-0.618],[0.259,-2],[-1.692,-3.14],[-1.313,-0.765],[-1.226,-0.109],[-1.835,2.878],[-0.058,2.374],[1.392,2.025],[1.566,0.608],[1.656,0.286]],"o":[[-1.013,-0.31],[-0.916,0.355],[-1.567,1.268],[-0.456,3.536],[0.721,1.337],[1.063,0.62],[3.4,0.3],[1.277,-2.001],[0.061,-2.458],[-0.952,-1.386],[-1.567,-0.609],[0,0]],"v":[[-1.003,-10.96],[-4.087,-10.499],[-6.7,-9.161],[-9.124,-3.783],[-7.521,6.62],[-4.507,9.96],[-0.986,10.97],[7.988,7.194],[9.518,0.332],[8.091,-6.774],[4.096,-9.725],[-0.797,-10.909]],"c":false},"ix":2},"nm":"Path 1","mn":"ADBE Vector Shape - Group","hd":false},{"ty":"fl","c":{"a":0,"k":[0.929000016755,0.113999998803,0.470999983245,1],"ix":4},"o":{"a":0,"k":100,"ix":5},"r":1,"bm":0,"nm":"Fill 1","mn":"ADBE Vector Graphic - Fill","hd":false},{"ty":"tr","p":{"a":0,"k":[9.829,11.52],"ix":2},"a":{"a":0,"k":[0,0],"ix":1},"s":{"a":0,"k":[100,100],"ix":3},"r":{"a":0,"k":0,"ix":6},"o":{"a":0,"k":100,"ix":7},"sk":{"a":0,"k":0,"ix":4},"sa":{"a":0,"k":0,"ix":5},"nm":"Transform"}],"nm":"Group 1","np":2,"cix":2,"bm":0,"ix":1,"mn":"ADBE Vector Group","hd":false}],"ip":20,"op":22,"st":20,"bm":0},{"ddd":0,"ind":2,"ty":4,"nm":"Scroll_09/Scroll Outlines","sr":1,"ks":{"o":{"a":0,"k":100,"ix":11},"r":{"a":0,"k":0,"ix":10},"p":{"a":0,"k":[36,41.25,0],"ix":2},"a":{"a":0,"k":[8.5,12.5,0],"ix":1},"s":{"a":0,"k":[100,100,100],"ix":6}},"ao":0,"shapes":[{"ty":"gr","it":[{"ind":0,"ty":"sh","ix":1,"ks":{"a":0,"k":{"i":[[0,0],[-0.327,-1.98],[-1.658,-3.864],[-0.811,-0.444],[-1.225,1.296],[-1.167,1.932],[0.002,1.79],[1.125,1.587],[1.726,0.988],[1.894,-0.606],[0.071,-1.987]],"o":[[-1.123,1.663],[0.683,4.149],[0.365,0.849],[1.564,0.855],[1.551,-1.641],[0.926,-1.532],[-0.002,-1.944],[-1.149,-1.622],[-1.725,-0.989],[-1.894,0.606],[0,0]],"v":[[-6.938,-9.045],[-7.566,-3.21],[-4.037,8.869],[-2.423,11.059],[2.227,9.347],[6.32,3.967],[8.059,-1.041],[5.965,-6.387],[1.718,-10.507],[-4.022,-11.309],[-7.551,-6.962]],"c":false},"ix":2},"nm":"Path 1","mn":"ADBE Vector Shape - Group","hd":false},{"ty":"fl","c":{"a":0,"k":[0.929000016755,0.113999998803,0.470999983245,1],"ix":4},"o":{"a":0,"k":100,"ix":5},"r":1,"bm":0,"nm":"Fill 1","mn":"ADBE Vector Graphic - Fill","hd":false},{"ty":"tr","p":{"a":0,"k":[8.31,12.165],"ix":2},"a":{"a":0,"k":[0,0],"ix":1},"s":{"a":0,"k":[100,100],"ix":3},"r":{"a":0,"k":0,"ix":6},"o":{"a":0,"k":100,"ix":7},"sk":{"a":0,"k":0,"ix":4},"sa":{"a":0,"k":0,"ix":5},"nm":"Transform"}],"nm":"Group 1","np":2,"cix":2,"bm":0,"ix":1,"mn":"ADBE Vector Group","hd":false}],"ip":18,"op":20,"st":18,"bm":0},{"ddd":0,"ind":3,"ty":4,"nm":"Scroll_08/Scroll Outlines","sr":1,"ks":{"o":{"a":0,"k":100,"ix":11},"r":{"a":0,"k":0,"ix":10},"p":{"a":0,"k":[36,55,0],"ix":2},"a":{"a":0,"k":[7,10.5,0],"ix":1},"s":{"a":0,"k":[100,100,100],"ix":6}},"ao":0,"shapes":[{"ty":"gr","it":[{"ind":0,"ty":"sh","ix":1,"ks":{"a":0,"k":{"i":[[0,0],[1.359,-1.559],[0.265,-2.051],[-2.627,-2.925],[-0.443,-0.166],[-0.798,0.561],[-0.731,2.819],[1.031,2.724],[0.596,0.543],[1.653,-0.104]],"o":[[-1.958,-0.668],[-1.36,1.559],[-0.505,3.899],[0.317,0.353],[0.914,0.342],[2.382,-1.675],[0.731,-2.819],[-0.285,-0.754],[-1.224,-1.116],[0,0]],"v":[[1.94,-9.552],[-3.624,-7.751],[-5.854,-2.056],[-3.03,9.02],[-1.914,9.877],[0.808,9.184],[5.628,2.112],[5.1,-6.472],[3.859,-8.521],[-0.87,-9.495]],"c":false},"ix":2},"nm":"Path 1","mn":"ADBE Vector Shape - Group","hd":false},{"ty":"fl","c":{"a":0,"k":[0.929000016755,0.113999998803,0.470999983245,1],"ix":4},"o":{"a":0,"k":100,"ix":5},"r":1,"bm":0,"nm":"Fill 1","mn":"ADBE Vector Graphic - Fill","hd":false},{"ty":"tr","p":{"a":0,"k":[6.609,10.47],"ix":2},"a":{"a":0,"k":[0,0],"ix":1},"s":{"a":0,"k":[100,100],"ix":3},"r":{"a":0,"k":0,"ix":6},"o":{"a":0,"k":100,"ix":7},"sk":{"a":0,"k":0,"ix":4},"sa":{"a":0,"k":0,"ix":5},"nm":"Transform"}],"nm":"Group 1","np":2,"cix":2,"bm":0,"ix":1,"mn":"ADBE Vector Group","hd":false}],"ip":16,"op":18,"st":16,"bm":0},{"ddd":0,"ind":4,"ty":4,"nm":"Scroll_05/Scroll Outlines","sr":1,"ks":{"o":{"a":0,"k":100,"ix":11},"r":{"a":0,"k":0,"ix":10},"p":{"a":0,"k":[36,64.25,0],"ix":2},"a":{"a":0,"k":[9.5,8.5,0],"ix":1},"s":{"a":0,"k":[100,100,100],"ix":6}},"ao":0,"shapes":[{"ty":"gr","it":[{"ind":0,"ty":"sh","ix":1,"ks":{"a":0,"k":{"i":[[0,0],[-0.034,-0.853],[0.459,-0.721],[2.191,-0.509],[2.243,0.174],[0.852,0.439],[0.148,1.541],[-0.626,1.417],[-1.156,1.316],[-1.643,0.177],[-1.225,-0.792],[-1.094,-2.757]],"o":[[0.76,0.389],[0.034,0.854],[-1.21,1.896],[-2.191,0.509],[-0.956,-0.074],[-1.376,-0.711],[-0.149,-1.542],[0.708,-1.602],[1.092,-1.241],[1.451,-0.156],[2.491,1.61],[0,0]],"v":[[7.878,-0.467],[9.115,1.641],[8.366,4.051],[2.849,7.634],[-3.867,7.878],[-6.657,7.268],[-9,3.479],[-8.084,-1.024],[-5.265,-5.436],[-1.149,-7.987],[2.955,-6.733],[8.512,0.035]],"c":false},"ix":2},"nm":"Path 1","mn":"ADBE Vector Shape - Group","hd":false},{"ty":"fl","c":{"a":0,"k":[0.929000016755,0.113999998803,0.470999983245,1],"ix":4},"o":{"a":0,"k":100,"ix":5},"r":1,"bm":0,"nm":"Fill 1","mn":"ADBE Vector Graphic - Fill","hd":false},{"ty":"tr","p":{"a":0,"k":[9.399,8.393],"ix":2},"a":{"a":0,"k":[0,0],"ix":1},"s":{"a":0,"k":[100,100],"ix":3},"r":{"a":0,"k":0,"ix":6},"o":{"a":0,"k":100,"ix":7},"sk":{"a":0,"k":0,"ix":4},"sa":{"a":0,"k":0,"ix":5},"nm":"Transform"}],"nm":"Group 1","np":2,"cix":2,"bm":0,"ix":1,"mn":"ADBE Vector Group","hd":false}],"ip":14,"op":16,"st":14,"bm":0},{"ddd":0,"ind":5,"ty":4,"nm":"Scroll_05/Scroll Outlines","sr":1,"ks":{"o":{"a":0,"k":100,"ix":11},"r":{"a":0,"k":0,"ix":10},"p":{"a":0,"k":[36,67.75,0],"ix":2},"a":{"a":0,"k":[9.5,8.5,0],"ix":1},"s":{"a":0,"k":[100,100,100],"ix":6}},"ao":0,"shapes":[{"ty":"gr","it":[{"ind":0,"ty":"sh","ix":1,"ks":{"a":0,"k":{"i":[[0,0],[-0.034,-0.853],[0.459,-0.721],[2.191,-0.509],[2.243,0.174],[0.852,0.439],[0.148,1.541],[-0.626,1.417],[-1.156,1.316],[-1.643,0.177],[-1.225,-0.792],[-1.094,-2.757]],"o":[[0.76,0.389],[0.034,0.854],[-1.21,1.896],[-2.191,0.509],[-0.956,-0.074],[-1.376,-0.711],[-0.149,-1.542],[0.708,-1.602],[1.092,-1.241],[1.451,-0.156],[2.491,1.61],[0,0]],"v":[[7.878,-0.467],[9.115,1.641],[8.366,4.051],[2.849,7.634],[-3.867,7.878],[-6.657,7.268],[-9,3.479],[-8.084,-1.024],[-5.265,-5.436],[-1.149,-7.987],[2.955,-6.733],[8.512,0.035]],"c":false},"ix":2},"nm":"Path 1","mn":"ADBE Vector Shape - Group","hd":false},{"ty":"fl","c":{"a":0,"k":[0.929000016755,0.113999998803,0.470999983245,1],"ix":4},"o":{"a":0,"k":100,"ix":5},"r":1,"bm":0,"nm":"Fill 1","mn":"ADBE Vector Graphic - Fill","hd":false},{"ty":"tr","p":{"a":0,"k":[9.399,8.393],"ix":2},"a":{"a":0,"k":[0,0],"ix":1},"s":{"a":0,"k":[100,100],"ix":3},"r":{"a":0,"k":0,"ix":6},"o":{"a":0,"k":100,"ix":7},"sk":{"a":0,"k":0,"ix":4},"sa":{"a":0,"k":0,"ix":5},"nm":"Transform"}],"nm":"Group 1","np":2,"cix":2,"bm":0,"ix":1,"mn":"ADBE Vector Group","hd":false}],"ip":12,"op":14,"st":12,"bm":0},{"ddd":0,"ind":6,"ty":4,"nm":"Scroll_06/Scroll Outlines","sr":1,"ks":{"o":{"a":0,"k":100,"ix":11},"r":{"a":0,"k":0,"ix":10},"p":{"a":0,"k":[36,71.5,0],"ix":2},"a":{"a":0,"k":[10.5,6,0],"ix":1},"s":{"a":0,"k":[100,100,100],"ix":6}},"ao":0,"shapes":[{"ty":"gr","it":[{"ind":0,"ty":"sh","ix":1,"ks":{"a":0,"k":{"i":[[0,0],[2.301,0.264],[2.306,-1.853],[0.266,-0.749],[-0.331,-0.895],[-1.861,-0.631],[-1.963,0.046],[-2.112,1.113],[-0.318,1.239],[1.947,0.868]],"o":[[-2.116,-0.944],[-2.939,-0.338],[-0.62,0.499],[-0.32,0.9],[0.682,1.843],[1.861,0.631],[2.388,-0.056],[1.132,-0.597],[0.53,-2.064],[0,0]],"v":[[6.767,-3.46],[0.014,-4.982],[-8.514,-3.648],[-9.923,-1.76],[-9.842,1.044],[-5.579,4.831],[0.251,5.456],[7.215,4.091],[9.713,1.326],[6.588,-3.651]],"c":false},"ix":2},"nm":"Path 1","mn":"ADBE Vector Shape - Group","hd":false},{"ty":"fl","c":{"a":0,"k":[0.929000016755,0.113999998803,0.470999983245,1],"ix":4},"o":{"a":0,"k":100,"ix":5},"r":1,"bm":0,"nm":"Fill 1","mn":"ADBE Vector Graphic - Fill","hd":false},{"ty":"tr","p":{"a":0,"k":[10.493,5.752],"ix":2},"a":{"a":0,"k":[0,0],"ix":1},"s":{"a":0,"k":[100,100],"ix":3},"r":{"a":0,"k":0,"ix":6},"o":{"a":0,"k":100,"ix":7},"sk":{"a":0,"k":0,"ix":4},"sa":{"a":0,"k":0,"ix":5},"nm":"Transform"}],"nm":"Group 1","np":2,"cix":2,"bm":0,"ix":1,"mn":"ADBE Vector Group","hd":false}],"ip":10,"op":12,"st":10,"bm":0},{"ddd":0,"ind":7,"ty":4,"nm":"Scroll_05/Scroll Outlines","sr":1,"ks":{"o":{"a":0,"k":100,"ix":11},"r":{"a":0,"k":0,"ix":10},"p":{"a":0,"k":[36,61.25,0],"ix":2},"a":{"a":0,"k":[9.5,8.5,0],"ix":1},"s":{"a":0,"k":[100,100,100],"ix":6}},"ao":0,"shapes":[{"ty":"gr","it":[{"ind":0,"ty":"sh","ix":1,"ks":{"a":0,"k":{"i":[[0,0],[-0.034,-0.853],[0.459,-0.721],[2.191,-0.509],[2.243,0.174],[0.852,0.439],[0.148,1.541],[-0.626,1.417],[-1.156,1.316],[-1.643,0.177],[-1.225,-0.792],[-1.094,-2.757]],"o":[[0.76,0.389],[0.034,0.854],[-1.21,1.896],[-2.191,0.509],[-0.956,-0.074],[-1.376,-0.711],[-0.149,-1.542],[0.708,-1.602],[1.092,-1.241],[1.451,-0.156],[2.491,1.61],[0,0]],"v":[[7.878,-0.467],[9.115,1.641],[8.366,4.051],[2.849,7.634],[-3.867,7.878],[-6.657,7.268],[-9,3.479],[-8.084,-1.024],[-5.265,-5.436],[-1.149,-7.987],[2.955,-6.733],[8.512,0.035]],"c":false},"ix":2},"nm":"Path 1","mn":"ADBE Vector Shape - Group","hd":false},{"ty":"fl","c":{"a":0,"k":[0.929000016755,0.113999998803,0.470999983245,1],"ix":4},"o":{"a":0,"k":100,"ix":5},"r":1,"bm":0,"nm":"Fill 1","mn":"ADBE Vector Graphic - Fill","hd":false},{"ty":"tr","p":{"a":0,"k":[9.399,8.393],"ix":2},"a":{"a":0,"k":[0,0],"ix":1},"s":{"a":0,"k":[100,100],"ix":3},"r":{"a":0,"k":0,"ix":6},"o":{"a":0,"k":100,"ix":7},"sk":{"a":0,"k":0,"ix":4},"sa":{"a":0,"k":0,"ix":5},"nm":"Transform"}],"nm":"Group 1","np":2,"cix":2,"bm":0,"ix":1,"mn":"ADBE Vector Group","hd":false}],"ip":8,"op":10,"st":8,"bm":0},{"ddd":0,"ind":8,"ty":4,"nm":"Scroll_04/Scroll Outlines","sr":1,"ks":{"o":{"a":0,"k":100,"ix":11},"r":{"a":0,"k":0,"ix":10},"p":{"a":0,"k":[36,52.375,0],"ix":2},"a":{"a":0,"k":[6.5,10.5,0],"ix":1},"s":{"a":0,"k":[100,100,100],"ix":6}},"ao":0,"shapes":[{"ty":"gr","it":[{"ind":0,"ty":"sh","ix":1,"ks":{"a":0,"k":{"i":[[0,0],[-0.635,-4.236],[-0.781,-1.316],[-1.527,0.092],[-0.841,1.49],[-0.133,3.059],[1.922,1.551],[1.615,0.22],[0.678,-0.174],[0.11,-0.691]],"o":[[-0.949,4.177],[0.226,1.513],[0.78,1.315],[1.709,-0.103],[1.505,-2.666],[0.107,-2.467],[-1.269,-1.024],[-0.693,-0.094],[-0.677,0.174],[0,0]],"v":[[-5.183,-9.294],[-5.06,3.479],[-3.788,7.857],[-0.065,10.13],[3.808,7.096],[6.025,-1.729],[3.893,-8.534],[-0.694,-10.034],[-2.779,-10.047],[-4.207,-8.673]],"c":false},"ix":2},"nm":"Path 1","mn":"ADBE Vector Shape - Group","hd":false},{"ty":"fl","c":{"a":0,"k":[0.929000016755,0.113999998803,0.470999983245,1],"ix":4},"o":{"a":0,"k":100,"ix":5},"r":1,"bm":0,"nm":"Fill 1","mn":"ADBE Vector Graphic - Fill","hd":false},{"ty":"tr","p":{"a":0,"k":[6.382,10.472],"ix":2},"a":{"a":0,"k":[0,0],"ix":1},"s":{"a":0,"k":[100,100],"ix":3},"r":{"a":0,"k":0,"ix":6},"o":{"a":0,"k":100,"ix":7},"sk":{"a":0,"k":0,"ix":4},"sa":{"a":0,"k":0,"ix":5},"nm":"Transform"}],"nm":"Group 1","np":2,"cix":2,"bm":0,"ix":1,"mn":"ADBE Vector Group","hd":false}],"ip":6,"op":8,"st":6,"bm":0},{"ddd":0,"ind":9,"ty":4,"nm":"Scroll_03/Scroll Outlines","sr":1,"ks":{"o":{"a":0,"k":100,"ix":11},"r":{"a":0,"k":0,"ix":10},"p":{"a":0,"k":[35.25,36.875,0],"ix":2},"a":{"a":0,"k":[8.5,12,0],"ix":1},"s":{"a":0,"k":[100,100,100],"ix":6}},"ao":0,"shapes":[{"ty":"gr","it":[{"ind":0,"ty":"sh","ix":1,"ks":{"a":0,"k":{"i":[[0,0],[-1.737,-4.444],[-0.826,-0.929],[-1.236,0.132],[-0.915,1.534],[-0.469,2.852],[2.011,2.075],[1.247,0.489],[1.803,-0.364],[0.817,-1.648]],"o":[[0.752,4.712],[0.453,1.158],[0.826,0.929],[1.777,-0.19],[1.479,-2.483],[0.469,-2.852],[-0.931,-0.962],[-1.712,-0.671],[-1.803,0.365],[0,0]],"v":[[-8.247,-7.295],[-4.5,6.492],[-2.722,9.747],[0.556,11.208],[4.447,7.819],[7.778,-0.13],[5.661,-8.215],[2.296,-10.35],[-3.111,-10.976],[-7.426,-7.851]],"c":false},"ix":2},"nm":"Path 1","mn":"ADBE Vector Shape - Group","hd":false},{"ty":"fl","c":{"a":0,"k":[0.929000016755,0.113999998803,0.470999983245,1],"ix":4},"o":{"a":0,"k":100,"ix":5},"r":1,"bm":0,"nm":"Fill 1","mn":"ADBE Vector Graphic - Fill","hd":false},{"ty":"tr","p":{"a":0,"k":[8.497,11.59],"ix":2},"a":{"a":0,"k":[0,0],"ix":1},"s":{"a":0,"k":[100,100],"ix":3},"r":{"a":0,"k":0,"ix":6},"o":{"a":0,"k":100,"ix":7},"sk":{"a":0,"k":0,"ix":4},"sa":{"a":0,"k":0,"ix":5},"nm":"Transform"}],"nm":"Group 1","np":2,"cix":2,"bm":0,"ix":1,"mn":"ADBE Vector Group","hd":false}],"ip":4,"op":6,"st":4,"bm":0},{"ddd":0,"ind":10,"ty":4,"nm":"Scroll_02/Scroll Outlines","sr":1,"ks":{"o":{"a":0,"k":100,"ix":11},"r":{"a":0,"k":0,"ix":10},"p":{"a":0,"k":[36,28.5,0],"ix":2},"a":{"a":0,"k":[10,10,0],"ix":1},"s":{"a":0,"k":[100,100,100],"ix":6}},"ao":0,"shapes":[{"ty":"gr","it":[{"ind":0,"ty":"sh","ix":1,"ks":{"a":0,"k":{"i":[[0,0],[1.244,-1.579],[0.283,-1.99],[-0.822,-1.937],[-1.992,-0.677],[-1.685,0.251],[-1.434,2.358],[0.449,2.009],[2.155,1.7],[2.618,-0.824]],"o":[[-2.003,0.157],[-1.243,1.579],[-0.297,2.083],[0.822,1.937],[1.613,0.547],[2.73,-0.407],[1.07,-1.759],[-0.598,-2.679],[-2.156,-1.699],[0,0]],"v":[[-1.685,-9.728],[-6.781,-6.837],[-8.987,-1.301],[-8.334,4.899],[-3.951,9.181],[1.105,9.358],[8.215,5.668],[8.832,-0.324],[4.702,-7.262],[-3.044,-8.88]],"c":false},"ix":2},"nm":"Path 1","mn":"ADBE Vector Shape - Group","hd":false},{"ty":"fl","c":{"a":0,"k":[0.929000016755,0.113999998803,0.470999983245,1],"ix":4},"o":{"a":0,"k":100,"ix":5},"r":1,"bm":0,"nm":"Fill 1","mn":"ADBE Vector Graphic - Fill","hd":false},{"ty":"tr","p":{"a":0,"k":[9.534,9.978],"ix":2},"a":{"a":0,"k":[0,0],"ix":1},"s":{"a":0,"k":[100,100],"ix":3},"r":{"a":0,"k":0,"ix":6},"o":{"a":0,"k":100,"ix":7},"sk":{"a":0,"k":0,"ix":4},"sa":{"a":0,"k":0,"ix":5},"nm":"Transform"}],"nm":"Group 1","np":2,"cix":2,"bm":0,"ix":1,"mn":"ADBE Vector Group","hd":false}],"ip":2,"op":4,"st":2,"bm":0},{"ddd":0,"ind":11,"ty":4,"nm":"Scroll_01/Scroll Outlines","sr":1,"ks":{"o":{"a":0,"k":100,"ix":11},"r":{"a":0,"k":0,"ix":10},"p":{"a":0,"k":[36,25,0],"ix":2},"a":{"a":0,"k":[11,11.5,0],"ix":1},"s":{"a":0,"k":[100,100,100],"ix":6}},"ao":0,"shapes":[{"ty":"gr","it":[{"ind":0,"ty":"sh","ix":1,"ks":{"a":0,"k":{"i":[[1.866,-0.15],[-0.36,-4.746],[-1.178,-1.799],[-2.047,-0.658],[-0.614,6.107],[4.605,1.384]],"o":[[-5.224,0.42],[0.162,2.145],[1.178,1.8],[5.98,1.924],[0.5,-4.962],[-1.841,-0.553]],"v":[[-3.021,-10.993],[-10.232,-0.765],[-8.267,5.309],[-3.291,9.219],[10.092,0.149],[2.67,-10.212]],"c":true},"ix":2},"nm":"Path 1","mn":"ADBE Vector Shape - Group","hd":false},{"ty":"fl","c":{"a":0,"k":[0.929000016755,0.113999998803,0.470999983245,1],"ix":4},"o":{"a":0,"k":100,"ix":5},"r":1,"bm":0,"nm":"Fill 1","mn":"ADBE Vector Graphic - Fill","hd":false},{"ty":"tr","p":{"a":0,"k":[10.842,11.393],"ix":2},"a":{"a":0,"k":[0,0],"ix":1},"s":{"a":0,"k":[100,100],"ix":3},"r":{"a":0,"k":0,"ix":6},"o":{"a":0,"k":100,"ix":7},"sk":{"a":0,"k":0,"ix":4},"sa":{"a":0,"k":0,"ix":5},"nm":"Transform"}],"nm":"Group 1","np":2,"cix":2,"bm":0,"ix":1,"mn":"ADBE Vector Group","hd":false}],"ip":0,"op":2,"st":0,"bm":0}],"markers":[]}