{"v":"5.6.5","fr":30,"ip":0,"op":16,"w":500,"h":500,"nm":"_Main_Shell_01_SHP","ddd":0,"assets":[],"layers":[{"ddd":0,"ind":1,"ty":4,"nm":"Layer 5/Shell_1 Outlines","sr":1,"ks":{"o":{"a":0,"k":100,"ix":11},"r":{"a":0,"k":0,"ix":10},"p":{"a":0,"k":[256,241,0],"ix":2},"a":{"a":0,"k":[220.5,228.5,0],"ix":1},"s":{"a":0,"k":[100,100,100],"ix":6}},"ao":0,"shapes":[{"ty":"gr","it":[{"ind":0,"ty":"sh","ix":1,"ks":{"a":0,"k":{"i":[[-7.983,50.444],[-9.638,19.675],[-99.989,-35.176],[-25.095,-48.243],[-3.732,-13.152],[57.244,-56.078],[38.931,-6.493],[34.727,14.585],[25.577,36.064]],"o":[[3.464,-21.888],[46.031,-93.966],[51.285,18.042],[6.308,12.126],[22.372,78.836],[-28.224,27.59],[-37.151,6.197],[-40.763,-17.12],[-29.658,-41.82]],"v":[[-212.179,-20.085],[-192.387,-83.011],[62.693,-192.706],[182.634,-88.751],[197.791,-50.725],[135.027,165.583],[32.843,221.686],[-77.399,205.008],[-181.358,125.417]],"c":true},"ix":2},"nm":"Path 1","mn":"ADBE Vector Shape - Group","hd":false},{"ty":"fl","c":{"a":0,"k":[1,1,0,1],"ix":4},"o":{"a":0,"k":100,"ix":5},"r":1,"bm":0,"nm":"Fill 1","mn":"ADBE Vector Graphic - Fill","hd":false},{"ty":"tr","p":{"a":0,"k":[220.412,228.133],"ix":2},"a":{"a":0,"k":[0,0],"ix":1},"s":{"a":0,"k":[100,100],"ix":3},"r":{"a":0,"k":0,"ix":6},"o":{"a":0,"k":100,"ix":7},"sk":{"a":0,"k":0,"ix":4},"sa":{"a":0,"k":0,"ix":5},"nm":"Transform"}],"nm":"Group 1","np":2,"cix":2,"bm":0,"ix":1,"mn":"ADBE Vector Group","hd":false}],"ip":12,"op":16,"st":12,"bm":0},{"ddd":0,"ind":2,"ty":4,"nm":"Layer 3/Shell_1 Outlines","sr":1,"ks":{"o":{"a":0,"k":100,"ix":11},"r":{"a":0,"k":0,"ix":10},"p":{"a":0,"k":[248,258,0],"ix":2},"a":{"a":0,"k":[218,217,0],"ix":1},"s":{"a":0,"k":[100,100,100],"ix":6}},"ao":0,"shapes":[{"ty":"gr","it":[{"ind":0,"ty":"sh","ix":1,"ks":{"a":0,"k":{"i":[[26.245,-9.261],[16.336,-69.682],[-31.796,-47.344],[-79.694,8.113],[-5.547,102.073],[10.632,24.53],[52.584,22.791],[25.663,0.299]],"o":[[-67.786,23.921],[-12.976,55.346],[43.648,64.991],[102.099,-10.395],[1.458,-26.83],[-22.791,-52.584],[-23.562,-10.212],[-28.224,-0.33]],"v":[[-70.919,-203.079],[-204.642,-51.131],[-177.457,111.111],[19.215,208.525],[216.16,-1.699],[202.463,-79.142],[86.463,-200.515],[11.607,-216.308]],"c":true},"ix":2},"nm":"Path 1","mn":"ADBE Vector Shape - Group","hd":false},{"ty":"fl","c":{"a":0,"k":[1,1,0,1],"ix":4},"o":{"a":0,"k":100,"ix":5},"r":1,"bm":0,"nm":"Fill 1","mn":"ADBE Vector Graphic - Fill","hd":false},{"ty":"tr","p":{"a":0,"k":[217.868,216.889],"ix":2},"a":{"a":0,"k":[0,0],"ix":1},"s":{"a":0,"k":[100,100],"ix":3},"r":{"a":0,"k":0,"ix":6},"o":{"a":0,"k":100,"ix":7},"sk":{"a":0,"k":0,"ix":4},"sa":{"a":0,"k":0,"ix":5},"nm":"Transform"}],"nm":"Group 1","np":2,"cix":2,"bm":0,"ix":1,"mn":"ADBE Vector Group","hd":false}],"ip":8,"op":12,"st":8,"bm":0},{"ddd":0,"ind":3,"ty":4,"nm":"Layer 4/Shell_1 Outlines","sr":1,"ks":{"o":{"a":0,"k":100,"ix":11},"r":{"a":0,"k":0,"ix":10},"p":{"a":0,"k":[258,262,0],"ix":2},"a":{"a":0,"k":[221.5,223,0],"ix":1},"s":{"a":0,"k":[100,100,100],"ix":6}},"ao":0,"shapes":[{"ty":"gr","it":[{"ind":0,"ty":"sh","ix":1,"ks":{"a":0,"k":{"i":[[15.527,-4.987],[24.749,-37.14],[0.936,-44.006],[-32.394,-39.2],[-74.457,17.811],[-14.499,88.373],[108.313,19.34],[18.398,-1.5]],"o":[[-41.775,13.416],[-24.353,36.545],[-1.094,51.426],[46.86,56.704],[85.786,-20.52],[18.304,-111.581],[-18.168,-3.244],[-16.512,1.346]],"v":[[-76.229,-211.548],[-179.624,-134.757],[-220.094,-8.937],[-167.792,130.404],[21.492,204.785],[202.884,18.076],[27.165,-218.402],[-27.985,-221.096]],"c":true},"ix":2},"nm":"Path 1","mn":"ADBE Vector Shape - Group","hd":false},{"ty":"fl","c":{"a":0,"k":[1,1,0,1],"ix":4},"o":{"a":0,"k":100,"ix":5},"r":1,"bm":0,"nm":"Fill 1","mn":"ADBE Vector Graphic - Fill","hd":false},{"ty":"tr","p":{"a":0,"k":[221.438,222.846],"ix":2},"a":{"a":0,"k":[0,0],"ix":1},"s":{"a":0,"k":[100,100],"ix":3},"r":{"a":0,"k":0,"ix":6},"o":{"a":0,"k":100,"ix":7},"sk":{"a":0,"k":0,"ix":4},"sa":{"a":0,"k":0,"ix":5},"nm":"Transform"}],"nm":"Group 1","np":2,"cix":2,"bm":0,"ix":1,"mn":"ADBE Vector Group","hd":false}],"ip":4,"op":8,"st":4,"bm":0},{"ddd":0,"ind":4,"ty":4,"nm":"Layer 1/Shell_1 Outlines","sr":1,"ks":{"o":{"a":0,"k":100,"ix":11},"r":{"a":0,"k":0,"ix":10},"p":{"a":0,"k":[250,250,0],"ix":2},"a":{"a":0,"k":[224.5,224,0],"ix":1},"s":{"a":0,"k":[100,100,100],"ix":6}},"ao":0,"shapes":[{"ty":"gr","it":[{"ind":0,"ty":"sh","ix":1,"ks":{"a":0,"k":{"i":[[0,0],[-33.82,14.857],[-59.991,-40.594],[-14.418,-50.116],[27.636,-46.128],[39.825,-22.534],[27.978,-1.573],[27.898,12.108],[24.802,34.371],[-29.038,68.395],[-4.617,9.631],[-7.391,6.04]],"o":[[25.11,-26.349],[66.676,-29.289],[43.189,29.226],[15.018,52.198],[-23.514,39.248],[-24.129,13.653],[-30.533,1.716],[-38.881,-16.873],[-43.987,-60.958],[4.175,-9.833],[4.005,-8.351],[0,0]],"v":[[-170.54,-128.158],[-85.305,-194.141],[119.001,-172.99],[209.075,-48.932],[188.789,99.907],[91.627,194.755],[12.133,221.714],[-76.888,204.126],[-175.372,126.12],[-195.055,-78.304],[-181.725,-107.44],[-166.852,-132.303]],"c":false},"ix":2},"nm":"Path 1","mn":"ADBE Vector Shape - Group","hd":false},{"ty":"fl","c":{"a":0,"k":[1,1,0,1],"ix":4},"o":{"a":0,"k":100,"ix":5},"r":1,"bm":0,"nm":"Fill 1","mn":"ADBE Vector Graphic - Fill","hd":false},{"ty":"tr","p":{"a":0,"k":[224.344,223.68],"ix":2},"a":{"a":0,"k":[0,0],"ix":1},"s":{"a":0,"k":[100,100],"ix":3},"r":{"a":0,"k":0,"ix":6},"o":{"a":0,"k":100,"ix":7},"sk":{"a":0,"k":0,"ix":4},"sa":{"a":0,"k":0,"ix":5},"nm":"Transform"}],"nm":"Group 1","np":2,"cix":2,"bm":0,"ix":1,"mn":"ADBE Vector Group","hd":false}],"ip":0,"op":4,"st":0,"bm":0}],"markers":[]}