{"v":"5.6.5","fr":30,"ip":0,"op":16,"w":500,"h":500,"nm":"_Main_Squid_01_SHP","ddd":0,"assets":[],"layers":[{"ddd":0,"ind":1,"ty":4,"nm":"Layer 2/Squid_1 Outlines","sr":1,"ks":{"o":{"a":0,"k":100,"ix":11},"r":{"a":0,"k":0,"ix":10},"p":{"a":0,"k":[244,249,0],"ix":2},"a":{"a":0,"k":[215.5,214.5,0],"ix":1},"s":{"a":0,"k":[100,100,100],"ix":6}},"ao":0,"shapes":[{"ty":"gr","it":[{"ind":0,"ty":"sh","ix":1,"ks":{"a":0,"k":{"i":[[2.605,12.593],[0.838,3.373],[21.774,26.34],[22.34,11.45],[27.458,0.775],[37.961,-20.127],[6.496,-4.429],[-3.678,-71.895],[-24.49,-31.288],[-31.998,-14.983],[-18.426,-3.351],[-48.698,55.615],[3.603,51.587]],"o":[[-0.704,-3.404],[-8.244,-33.166],[-15.976,-19.326],[-24.624,-12.619],[-42.714,-1.208],[-6.947,3.682],[-59.771,40.754],[2.022,39.543],[21.786,27.833],[16.957,7.94],[72.037,13.101],[34.189,-39.046],[-0.896,-12.832]],"v":[[206.176,-47.155],[203.862,-57.322],[159.019,-148.572],[100.946,-195.668],[20.98,-212.737],[-101.834,-186.241],[-122.024,-174.069],[-211.459,8.573],[-172.363,118.392],[-90.091,183.732],[-36.751,200.844],[164.645,133.589],[211.533,-8.971]],"c":true},"ix":2},"nm":"Path 1","mn":"ADBE Vector Shape - Group","hd":false},{"ty":"fl","c":{"a":0,"k":[0.118000000598,0,1,1],"ix":4},"o":{"a":0,"k":100,"ix":5},"r":1,"bm":0,"nm":"Fill 1","mn":"ADBE Vector Graphic - Fill","hd":false},{"ty":"tr","p":{"a":0,"k":[215.386,214.195],"ix":2},"a":{"a":0,"k":[0,0],"ix":1},"s":{"a":0,"k":[100,100],"ix":3},"r":{"a":0,"k":0,"ix":6},"o":{"a":0,"k":100,"ix":7},"sk":{"a":0,"k":0,"ix":4},"sa":{"a":0,"k":0,"ix":5},"nm":"Transform"}],"nm":"Group 1","np":2,"cix":2,"bm":0,"ix":1,"mn":"ADBE Vector Group","hd":false}],"ip":12,"op":16,"st":7,"bm":0},{"ddd":0,"ind":2,"ty":4,"nm":"Layer 3/Squid_1 Outlines","sr":1,"ks":{"o":{"a":0,"k":100,"ix":11},"r":{"a":0,"k":0,"ix":10},"p":{"a":0,"k":[241,241,0],"ix":2},"a":{"a":0,"k":[220.5,216.5,0],"ix":1},"s":{"a":0,"k":[100,100,100],"ix":6}},"ao":0,"shapes":[{"ty":"gr","it":[{"ind":0,"ty":"sh","ix":1,"ks":{"a":0,"k":{"i":[[3.396,26.096],[15.161,25.92],[72.341,-4.393],[39.674,-59.02],[-18.634,-61.346],[-73.529,-14.798],[-12.601,-0.567],[-39.724,25.773],[-9.139,53.523]],"o":[[-3.979,-30.584],[-37.015,-63.283],[-70.021,4.252],[-35.499,52.808],[22.022,72.5],[12.361,2.489],[47.181,2.074],[45.431,-29.477],[4.299,-25.171]],"v":[[216.725,-29.781],[188.177,-116.137],[9.524,-211.541],[-171.824,-113.163],[-201.486,68.933],[-41.837,209.076],[-4.33,213.861],[130.758,178.93],[215.268,48.116]],"c":true},"ix":2},"nm":"Path 1","mn":"ADBE Vector Shape - Group","hd":false},{"ty":"fl","c":{"a":0,"k":[0.118000000598,0,1,1],"ix":4},"o":{"a":0,"k":100,"ix":5},"r":1,"bm":0,"nm":"Fill 1","mn":"ADBE Vector Graphic - Fill","hd":false},{"ty":"tr","p":{"a":0,"k":[220.37,216.184],"ix":2},"a":{"a":0,"k":[0,0],"ix":1},"s":{"a":0,"k":[100,100],"ix":3},"r":{"a":0,"k":0,"ix":6},"o":{"a":0,"k":100,"ix":7},"sk":{"a":0,"k":0,"ix":4},"sa":{"a":0,"k":0,"ix":5},"nm":"Transform"}],"nm":"Group 1","np":2,"cix":2,"bm":0,"ix":1,"mn":"ADBE Vector Group","hd":false}],"ip":8,"op":12,"st":3,"bm":0},{"ddd":0,"ind":3,"ty":4,"nm":"Layer 4/Squid_1 Outlines","sr":1,"ks":{"o":{"a":0,"k":100,"ix":11},"r":{"a":0,"k":0,"ix":10},"p":{"a":0,"k":[246,247,0],"ix":2},"a":{"a":0,"k":[211.5,214,0],"ix":1},"s":{"a":0,"k":[100,100,100],"ix":6}},"ao":0,"shapes":[{"ty":"gr","it":[{"ind":0,"ty":"sh","ix":1,"ks":{"a":0,"k":{"i":[[6.064,32.274],[0.103,0.528],[65.663,22.503],[29.033,-2.78],[25.625,-12.376],[19.269,-22.74],[0.568,-44.932],[-0.306,-13.687],[-2.691,-13.058],[-10.875,-13.376],[-78.312,5.208],[-3.732,0.48],[-29.288,37.187],[-9.241,32.895]],"o":[[-0.1,-0.528],[-13.095,-66.793],[-27.768,-9.516],[-28.237,2.703],[-26.84,12.963],[-28.643,33.802],[-0.173,13.69],[0.298,13.33],[3.53,17.128],[48.263,59.363],[3.755,-0.249],[47.084,-6.059],[20.999,-26.661],[8.876,-31.596]],"v":[[205.047,-46.919],[204.742,-48.502],[77.759,-202.728],[-8.801,-210.901],[-92.366,-191.126],[-161.421,-135.351],[-210.937,-16.026],[-210.611,25.043],[-207.206,64.839],[-184.579,108.652],[20.67,208.473],[31.904,207.379],[150.334,140.513],[200.527,50.596]],"c":true},"ix":2},"nm":"Path 1","mn":"ADBE Vector Shape - Group","hd":false},{"ty":"fl","c":{"a":0,"k":[0.118000000598,0,1,1],"ix":4},"o":{"a":0,"k":100,"ix":5},"r":1,"bm":0,"nm":"Fill 1","mn":"ADBE Vector Graphic - Fill","hd":false},{"ty":"tr","p":{"a":0,"k":[211.36,213.931],"ix":2},"a":{"a":0,"k":[0,0],"ix":1},"s":{"a":0,"k":[100,100],"ix":3},"r":{"a":0,"k":0,"ix":6},"o":{"a":0,"k":100,"ix":7},"sk":{"a":0,"k":0,"ix":4},"sa":{"a":0,"k":0,"ix":5},"nm":"Transform"}],"nm":"Group 1","np":2,"cix":2,"bm":0,"ix":1,"mn":"ADBE Vector Group","hd":false}],"ip":4,"op":8,"st":-1,"bm":0},{"ddd":0,"ind":4,"ty":4,"nm":"Layer 11/Squid_02 Outlines","sr":1,"ks":{"o":{"a":0,"k":100,"ix":11},"r":{"a":0,"k":0,"ix":10},"p":{"a":0,"k":[248.5,246.5,0],"ix":2},"a":{"a":0,"k":[221,218,0],"ix":1},"s":{"a":0,"k":[100,100,100],"ix":6}},"ao":0,"shapes":[{"ty":"gr","it":[{"ind":0,"ty":"sh","ix":1,"ks":{"a":0,"k":{"i":[[0,0],[-25.626,-26.606],[17.371,-70.322],[42.05,-30.844],[52.835,9.999],[34.905,29.587],[11.141,25.712],[-1.723,30.363],[-23.686,35.149],[-74.216,-3.623],[-10.632,-1.006],[-8.221,-4.849]],"o":[[33.4,14.461],[50.521,52.453],[-12.506,50.626],[-43.797,32.124],[-44.955,-8.508],[-21.148,-17.928],[-12.158,-28.06],[2.403,-42.317],[42.01,-62.338],[10.669,0.521],[9.221,0.873],[0,0]],"v":[[60.866,-208.294],[152.231,-151.101],[202.961,47.935],[117.658,175.321],[-29.026,207.701],[-151.6,149.287],[-204.36,83.999],[-218.61,-5.616],[-179.428,-124.985],[5.611,-214.077],[37.559,-211.632],[66.028,-206.264]],"c":false},"ix":2},"nm":"Path 1","mn":"ADBE Vector Shape - Group","hd":false},{"ty":"fl","c":{"a":0,"k":[0.118000000598,0,1,1],"ix":4},"o":{"a":0,"k":100,"ix":5},"r":1,"bm":0,"nm":"Fill 1","mn":"ADBE Vector Graphic - Fill","hd":false},{"ty":"tr","p":{"a":0,"k":[220.582,217.95],"ix":2},"a":{"a":0,"k":[0,0],"ix":1},"s":{"a":0,"k":[100,100],"ix":3},"r":{"a":0,"k":0,"ix":6},"o":{"a":0,"k":100,"ix":7},"sk":{"a":0,"k":0,"ix":4},"sa":{"a":0,"k":0,"ix":5},"nm":"Transform"}],"nm":"Group 1","np":4,"cix":2,"bm":0,"ix":1,"mn":"ADBE Vector Group","hd":false}],"ip":0,"op":4,"st":0,"bm":0}],"markers":[]}