{"v":"5.6.5","fr":30,"ip":0,"op":16,"w":500,"h":500,"nm":"_Main_Beetle_01_SHP","ddd":0,"assets":[],"layers":[{"ddd":0,"ind":1,"ty":4,"nm":"Layer 6/Beetle_1 Outlines","sr":1,"ks":{"o":{"a":0,"k":100,"ix":11},"r":{"a":0,"k":0,"ix":10},"p":{"a":0,"k":[256.5,248,0],"ix":2},"a":{"a":0,"k":[222,222.5,0],"ix":1},"s":{"a":0,"k":[100,100,100],"ix":6}},"ao":0,"shapes":[{"ty":"gr","it":[{"ind":0,"ty":"sh","ix":1,"ks":{"a":0,"k":{"i":[[-4.151,44.305],[-14.908,25.91],[-39.21,19.254],[-0.643,0.309],[-64.287,-43.312],[9.699,-76.195],[4.847,-13.963],[25.13,-25.167],[34.242,-9.52],[5.823,-0.763],[22.795,4.789],[34.385,57.856]],"o":[[2.8,-29.882],[21.784,-37.86],[0.641,-0.315],[69.94,-33.546],[64.174,43.236],[-1.866,14.661],[-11.688,33.661],[-24.848,24.886],[-5.657,1.573],[-23.095,3.026],[-64.138,-13.475],[-22.698,-38.193]],"v":[[-217.463,-14.425],[-190.881,-99.472],[-96.619,-187.766],[-94.692,-188.701],[125.027,-172.68],[211.915,24.911],[201.842,68.01],[145.098,157.352],[53.64,215.7],[36.397,219.221],[-33.033,215.231],[-189.712,113.755]],"c":true},"ix":2},"nm":"Path 1","mn":"ADBE Vector Shape - Group","hd":false},{"ty":"fl","c":{"a":0,"k":[0.929000016755,0.118000000598,0.475,1],"ix":4},"o":{"a":0,"k":100,"ix":5},"r":1,"bm":0,"nm":"Fill 1","mn":"ADBE Vector Graphic - Fill","hd":false},{"ty":"tr","p":{"a":0,"k":[221.864,222.497],"ix":2},"a":{"a":0,"k":[0,0],"ix":1},"s":{"a":0,"k":[100,100],"ix":3},"r":{"a":0,"k":0,"ix":6},"o":{"a":0,"k":100,"ix":7},"sk":{"a":0,"k":0,"ix":4},"sa":{"a":0,"k":0,"ix":5},"nm":"Transform"}],"nm":"Group 1","np":4,"cix":2,"bm":0,"ix":1,"mn":"ADBE Vector Group","hd":false}],"ip":12,"op":16,"st":12,"bm":0},{"ddd":0,"ind":2,"ty":4,"nm":"Layer 5/Beetle_1 Outlines","sr":1,"ks":{"o":{"a":0,"k":100,"ix":11},"r":{"a":0,"k":0,"ix":10},"p":{"a":0,"k":[256.5,253.5,0],"ix":2},"a":{"a":0,"k":[223,218.5,0],"ix":1},"s":{"a":0,"k":[100,100,100],"ix":6}},"ao":0,"shapes":[{"ty":"gr","it":[{"ind":0,"ty":"sh","ix":1,"ks":{"a":0,"k":{"i":[[-9.333,40.864],[-5.006,11.951],[-74.76,12.995],[-32.39,-8.869],[-17.989,-66.394],[-1.015,-6.536],[53.713,-52.91],[26.982,-8.702],[33.3,5.749],[31.001,69.444],[0.678,1.639]],"o":[[2.926,-12.81],[29.367,-70.107],[33.057,-5.746],[66.819,18.297],[1.731,6.384],[11.591,74.634],[-20.051,19.752],[-32.379,10.442],[-73.396,-12.672],[-0.723,-1.618],[-15.953,-38.537]],"v":[[-213.17,-41.777],[-201.224,-79.046],[-33.547,-212.416],[66.244,-207.976],[206.779,-63.427],[210.912,-44.031],[142.812,161.815],[72.061,207.256],[-29.281,212.412],[-202.706,86.422],[-204.807,81.537]],"c":true},"ix":2},"nm":"Path 1","mn":"ADBE Vector Shape - Group","hd":false},{"ty":"fl","c":{"a":0,"k":[0.929000016755,0.118000000598,0.475,1],"ix":4},"o":{"a":0,"k":100,"ix":5},"r":1,"bm":0,"nm":"Fill 1","mn":"ADBE Vector Graphic - Fill","hd":false},{"ty":"tr","p":{"a":0,"k":[222.753,218.412],"ix":2},"a":{"a":0,"k":[0,0],"ix":1},"s":{"a":0,"k":[100,100],"ix":3},"r":{"a":0,"k":0,"ix":6},"o":{"a":0,"k":100,"ix":7},"sk":{"a":0,"k":0,"ix":4},"sa":{"a":0,"k":0,"ix":5},"nm":"Transform"}],"nm":"Group 1","np":4,"cix":2,"bm":0,"ix":1,"mn":"ADBE Vector Group","hd":false}],"ip":8,"op":12,"st":8,"bm":0},{"ddd":0,"ind":3,"ty":4,"nm":"Layer 4/Beetle_1 Outlines","sr":1,"ks":{"o":{"a":0,"k":100,"ix":11},"r":{"a":0,"k":0,"ix":10},"p":{"a":0,"k":[255,243.5,0],"ix":2},"a":{"a":0,"k":[221,225.5,0],"ix":1},"s":{"a":0,"k":[100,100,100],"ix":6}},"ao":0,"shapes":[{"ty":"gr","it":[{"ind":0,"ty":"sh","ix":1,"ks":{"a":0,"k":{"i":[[-6.367,18.501],[-44.123,27.404],[-62.796,-38.076],[-12.278,-63.509],[16.919,-38.774],[19.557,-20.52],[28.311,-10.071],[46.284,14.117],[28.778,38.901],[-1.819,44.683]],"o":[[17.175,-49.912],[59.92,-37.215],[54.359,32.961],[8.029,41.535],[-11.349,26.007],[-20.685,21.705],[-45.59,16.218],[-46.284,-14.119],[-26.546,-35.886],[0.789,-19.383]],"v":[[-207.863,-53.105],[-110.939,-174.946],[97.195,-187.14],[212.639,-32.762],[197.898,91.37],[150.753,161.66],[78.561,207.837],[-64.12,211.099],[-180.692,128.759],[-218.85,4.021]],"c":true},"ix":2},"nm":"Path 1","mn":"ADBE Vector Shape - Group","hd":false},{"ty":"fl","c":{"a":0,"k":[0.929000016755,0.118000000598,0.475,1],"ix":4},"o":{"a":0,"k":100,"ix":5},"r":1,"bm":0,"nm":"Fill 1","mn":"ADBE Vector Graphic - Fill","hd":false},{"ty":"tr","p":{"a":0,"k":[220.919,225.466],"ix":2},"a":{"a":0,"k":[0,0],"ix":1},"s":{"a":0,"k":[100,100],"ix":3},"r":{"a":0,"k":0,"ix":6},"o":{"a":0,"k":100,"ix":7},"sk":{"a":0,"k":0,"ix":4},"sa":{"a":0,"k":0,"ix":5},"nm":"Transform"}],"nm":"Group 1","np":4,"cix":2,"bm":0,"ix":1,"mn":"ADBE Vector Group","hd":false}],"ip":4,"op":8,"st":4,"bm":0},{"ddd":0,"ind":4,"ty":4,"nm":"Layer 2/Beetle_1 Outlines","sr":1,"ks":{"o":{"a":0,"k":100,"ix":11},"r":{"a":0,"k":0,"ix":10},"p":{"a":0,"k":[250,250,0],"ix":2},"a":{"a":0,"k":[224,224.5,0],"ix":1},"s":{"a":0,"k":[100,100,100],"ix":6}},"ao":0,"shapes":[{"ty":"gr","it":[{"ind":0,"ty":"sh","ix":1,"ks":{"a":0,"k":{"i":[[1.4,1.336],[13.054,17.754],[6.358,21.068],[-13.107,40.334],[-32.48,26.774],[-42.429,3.77],[-21.458,-6.382],[-18.382,-12.695],[-20.14,-38.189],[-1.937,-23.73],[7.556,-22.897],[33.009,-28.125],[43.333,-2.621],[20.62,5.046],[21.063,10.01],[6.277,7.48],[-1.234,-1.471],[-8.993,-4.301],[-11.551,-4.591],[-21.909,-1.954],[-37.012,22.853],[-19.214,38.994],[-3.224,23.742],[1.062,12.087],[3.833,11.223],[13.199,19.057],[16.221,14.342],[45.042,4.484],[37.471,-23.242],[18.645,-37.899],[-5.853,-42.764],[-9.808,-19.424],[-15.141,-16.241],[-7.958,-7.589]],"o":[[-15.912,-15.175],[-13.028,-17.719],[-12.284,-40.697],[13.017,-40.059],[32.717,-26.969],[22.299,-1.982],[21.46,6.382],[35.567,24.56],[11.015,20.887],[1.97,24.132],[-13.576,41.14],[-32.978,28.098],[-21.201,1.282],[-22.741,-5.564],[-8.545,-4.061],[-1.243,-1.482],[6.617,7.885],[11.208,5.359],[20.429,8.12],[43.291,3.861],[37.117,-22.918],[10.57,-21.452],[1.631,-12.009],[-1.04,-11.828],[-7.503,-21.965],[-12.328,-17.8],[-33.538,-29.653],[-44.214,-4.402],[-35.865,22.245],[-19.022,38.664],[2.948,21.542],[10.04,19.886],[7.5,8.045],[1.397,1.332]],"v":[[-130.872,171.366],[-175.392,122.698],[-204.751,64.345],[-202.687,-60.724],[-132.634,-163.27],[-16.431,-212.535],[49.837,-205.87],[109.655,-176.412],[194.308,-80.531],[216.233,-13.216],[206.583,58.271],[135.103,165.348],[17.574,213.38],[-45.572,207.534],[-110.457,182.315],[-135.017,167.678],[-137.137,169.799],[-111.249,185.252],[-77.236,200.542],[-13.351,215.922],[110.689,186.853],[196.53,90.581],[218.047,22.381],[219.171,-13.957],[211.563,-48.635],[179.636,-110.636],[136.608,-159.086],[16.982,-215.381],[-109.476,-183.543],[-193.465,-91.339],[-214.381,34.142],[-195.269,96.303],[-156.296,150.139],[-132.993,173.487]],"c":true},"ix":2},"nm":"Path 1","mn":"ADBE Vector Shape - Group","hd":false},{"ty":"fl","c":{"a":0,"k":[0.929000016755,0.118000000598,0.475,1],"ix":4},"o":{"a":0,"k":100,"ix":5},"r":1,"bm":0,"nm":"Fill 1","mn":"ADBE Vector Graphic - Fill","hd":false},{"ty":"tr","p":{"a":0,"k":[227.455,222.456],"ix":2},"a":{"a":0,"k":[0,0],"ix":1},"s":{"a":0,"k":[100,100],"ix":3},"r":{"a":0,"k":0,"ix":6},"o":{"a":0,"k":100,"ix":7},"sk":{"a":0,"k":0,"ix":4},"sa":{"a":0,"k":0,"ix":5},"nm":"Transform"}],"nm":"Group 1","np":4,"cix":2,"bm":0,"ix":1,"mn":"ADBE Vector Group","hd":false},{"ty":"gr","it":[{"ind":0,"ty":"sh","ix":1,"ks":{"a":0,"k":{"i":[[0,0],[14.856,33.82],[-40.594,59.991],[-50.116,14.417],[-46.128,-27.635],[-22.534,-39.826],[-1.572,-27.978],[12.107,-27.898],[34.37,-24.802],[68.395,29.038],[9.631,4.618],[6.039,7.39]],"o":[[-26.349,-25.109],[-29.29,-66.676],[29.226,-43.189],[52.198,-15.017],[39.248,23.514],[13.653,24.128],[1.716,30.533],[-16.874,38.882],[-60.959,43.987],[-9.833,-4.174],[-8.351,-4.004],[0,0]],"v":[[-128.158,170.54],[-194.14,85.306],[-172.99,-119.002],[-48.932,-209.076],[99.907,-188.79],[194.755,-91.627],[221.714,-12.134],[204.127,76.887],[126.121,175.371],[-78.304,195.055],[-107.44,181.724],[-132.302,166.852]],"c":false},"ix":2},"nm":"Path 1","mn":"ADBE Vector Shape - Group","hd":false},{"ty":"fl","c":{"a":0,"k":[0.929000016755,0.118000000598,0.475,1],"ix":4},"o":{"a":0,"k":100,"ix":5},"r":1,"bm":0,"nm":"Fill 1","mn":"ADBE Vector Graphic - Fill","hd":false},{"ty":"tr","p":{"a":0,"k":[223.68,224.343],"ix":2},"a":{"a":0,"k":[0,0],"ix":1},"s":{"a":0,"k":[100,100],"ix":3},"r":{"a":0,"k":0,"ix":6},"o":{"a":0,"k":100,"ix":7},"sk":{"a":0,"k":0,"ix":4},"sa":{"a":0,"k":0,"ix":5},"nm":"Transform"}],"nm":"Group 2","np":4,"cix":2,"bm":0,"ix":2,"mn":"ADBE Vector Group","hd":false}],"ip":0,"op":4,"st":0,"bm":0}],"markers":[]}